{"Version":1,"ManifestType":"Publish","Endpoints":[{"Route":"GB.MatchSimulator.g47dcvgyym.styles.css","AssetFile":"GB.MatchSimulator.styles.css","Selectors":[],"ResponseHeaders":[{"Name":"Accept-Ranges","Value":"bytes"},{"Name":"Cache-Control","Value":"max-age=31536000, immutable"},{"Name":"Content-Length","Value":"2180"},{"Name":"Content-Type","Value":"text/css"},{"Name":"ETag","Value":"\"UE2mKuHgkGY5UKy5NSqnXMy8uSmWCYyDG1lylp8Fo80=\""},{"Name":"Last-Modified","Value":"Tue, 28 Oct 2025 09:08:41 GMT"}],"EndpointProperties":[{"Name":"fingerprint","Value":"g47dcvgyym"},{"Name":"integrity","Value":"sha256-UE2mKuHgkGY5UKy5NSqnXMy8uSmWCYyDG1lylp8Fo80="},{"Name":"label","Value":"GB.MatchSimulator.styles.css"}]},{"Route":"GB.MatchSimulator.styles.css","AssetFile":"GB.MatchSimulator.styles.css","Selectors":[],"ResponseHeaders":[{"Name":"Accept-Ranges","Value":"bytes"},{"Name":"Cache-Control","Value":"no-cache"},{"Name":"Content-Length","Value":"2180"},{"Name":"Content-Type","Value":"text/css"},{"Name":"ETag","Value":"\"UE2mKuHgkGY5UKy5NSqnXMy8uSmWCYyDG1lylp8Fo80=\""},{"Name":"Last-Modified","Value":"Tue, 28 Oct 2025 09:08:41 GMT"}],"EndpointProperties":[{"Name":"integrity","Value":"sha256-UE2mKuHgkGY5UKy5NSqnXMy8uSmWCYyDG1lylp8Fo80="}]},{"Route":"css/site.2v1z5mdywz.css","AssetFile":"css/site.css","Selectors":[],"ResponseHeaders":[{"Name":"Accept-Ranges","Value":"bytes"},{"Name":"Cache-Control","Value":"max-age=31536000, immutable"},{"Name":"Content-Length","Value":"2677"},{"Name":"Content-Type","Value":"text/css"},{"Name":"ETag","Value":"\"0n7479l4d3rdxQqA1gVVxSDn4KX7bfeB1RE6rfLTmek=\""},{"Name":"Last-Modified","Value":"Mon, 27 Oct 2025 12:06:19 GMT"}],"EndpointProperties":[{"Name":"fingerprint","Value":"2v1z5mdywz"},{"Name":"integrity","Value":"sha256-0n7479l4d3rdxQqA1gVVxSDn4KX7bfeB1RE6rfLTmek="},{"Name":"label","Value":"css/site.css"}]},{"Route":"css/site.css","AssetFile":"css/site.css","Selectors":[],"ResponseHeaders":[{"Name":"Accept-Ranges","Value":"bytes"},{"Name":"Cache-Control","Value":"no-cache"},{"Name":"Content-Length","Value":"2677"},{"Name":"Content-Type","Value":"text/css"},{"Name":"ETag","Value":"\"0n7479l4d3rdxQqA1gVVxSDn4KX7bfeB1RE6rfLTmek=\""},{"Name":"Last-Modified","Value":"Mon, 27 Oct 2025 12:06:19 GMT"}],"EndpointProperties":[{"Name":"integrity","Value":"sha256-0n7479l4d3rdxQqA1gVVxSDn4KX7bfeB1RE6rfLTmek="}]}]}